<?xml version="1.0" encoding="utf-8"?>
<unattend xmlns="urn:schemas-microsoft-com:unattend"
        xmlns:wcm="http://schemas.microsoft.com/WMIConfig/2002/State"
        xmlns:xsi="http://www.w3.org/2001/XMLSchema-instance">
    <settings pass="generalize">
        <component name="Microsoft-Windows-PnpSysprep"
                processorArchitecture="amd64"
                publicKeyToken="31bf3856ad364e35"
                language="neutral" versionScope="nonSxS">
            <PersistAllDeviceInstalls>true</PersistAllDeviceInstalls>
        </component>
    </settings>
    <settings pass="specialize">
        <component name="Microsoft-Windows-Deployment"
                processorArchitecture="amd64"
                publicKeyToken="31bf3856ad364e35"
                language="neutral" versionScope="nonSxS">
            <RunSynchronous>
                <RunSynchronousCommand wcm:action="add">
                    <Description>Disable create user account</Description>
                    <Path>reg add HKLM\Software\Microsoft\Windows\CurrentVersion\Setup\OOBE /v UnattendCreatedUser /t REG_DWORD /d 1 /f</Path>
                    <Order>1</Order>
                </RunSynchronousCommand>
                <RunSynchronousCommand wcm:action="add">
                    <Description>Enable WinRM</Description>
				    <Credentials>
						<Username>vagrant</Username>
						<Password>vagrant</Password>
				    </Credentials>
                    <Order>1</Order>
                    <Path>cmd /c winrm quickconfig -q -transport:http</Path>
                </RunSynchronousCommand>            
			</RunSynchronous>
        </component>
        <component name="Microsoft-Windows-Shell-Setup"
                processorArchitecture="amd64"
                publicKeyToken="31bf3856ad364e35"
                language="neutral" versionScope="nonSxS">
            <RegisteredOwner>W2K8R2</RegisteredOwner>
            <RegisteredOrganization>ACME Corp.</RegisteredOrganization>
            <TimeZone>New Zealand Standard Time</TimeZone>
            <Computername>*</Computername>
            <OOBE>
                <HideEULAPage>true</HideEULAPage>
                <NetworkLocation>Other</NetworkLocation>
                <ProtectYourPC>2</ProtectYourPC>
                <SkipUserOOBE>true</SkipUserOOBE>
            </OOBE>
        </component>
    </settings>
    <settings pass="oobeSystem">
        <component name="Microsoft-Windows-International-Core"
                processorArchitecture="amd64"
                publicKeyToken="31bf3856ad364e35"
                language="neutral" versionScope="nonSxS">
            <InputLocale>en-NZ</InputLocale>
            <SystemLocale>en-NZ</SystemLocale>
            <UILanguage>en-NZ</UILanguage>
            <UserLocale>en-NZ</UserLocale>
        </component>
    </settings>
</unattend>